campione,ref_max_2pct,ref_max_1pct,ref_p99.9_2pct,ref_p99.9_1pct,base_max_2pct,base_max_1pct,base_p99.9_2pct,base_p99.9_1pct
1,100.0,97.9592,100.0,99.6599,83.5601,57.2562,97.8458,87.7551
2,99.6749,97.7243,99.87,99.0897,96.0338,87.1261,94.7334,85.5657
3,100.0,99.9093,100.0,99.3648,76.588,40.6534,97.3684,86.9328
4,100.0,98.2972,99.6904,98.452,96.3622,84.5201,93.6533,78.9474
5,99.8641,98.6413,99.8641,98.6413,97.2826,86.413,97.2826,86.413
6,99.8172,99.1773,99.9086,99.4516,88.2084,63.9854,97.8062,84.1865
7,100.0,99.3644,99.2938,97.387,97.8814,89.3362,95.904,85.2401
8,99.8851,99.4253,99.7701,98.7356,79.1954,36.2069,98.5057,90.1149
9,99.6734,98.759,99.6734,98.6283,97.8445,89.288,94.4481,83.9321
10,100.0,99.8436,99.6091,98.1235,93.6669,83.3464,92.7287,80.6099
11,99.65,99.2126,99.65,98.9501,95.2756,81.6273,94.2257,79.5276
12,99.727,98.8171,99.545,98.0892,66.97,28.4804,92.7207,75.0682
13,97.9987,87.992,99.7999,98.8659,94.463,81.7879,96.1308,83.9893
14,94.8042,88.1449,99.2682,97.951,28.2108,4.5737,97.0362,86.4984
15,99.9354,99.7418,99.8063,99.2253,81.6656,51.6462,97.224,85.2808
16,99.3145,98.886,99.1431,98.7147,78.7489,49.2716,97.7721,82.5193
17,99.8485,98.7121,99.7727,98.1818,96.8182,84.1667,97.2727,85.6061
18,100.0,99.7312,99.4624,97.7599,95.4301,85.7527,94.3548,84.2294
19,100.0,99.9124,99.7373,98.0736,96.9352,88.1786,94.8336,82.7496
20,98.8481,97.6242,98.2721,96.9042,91.7207,74.802,96.6883,88.2649
21,100.0,99.3821,99.794,99.3821,68.6921,32.0288,95.7775,86.8177
22,98.206,95.4817,97.7409,94.8837,94.3522,78.4053,96.0133,84.1196
23,98.7812,97.3187,98.5375,96.6484,86.7154,61.2431,96.9531,85.6795
24,100.0,99.9169,99.8339,99.4186,88.5382,67.608,95.1827,83.1395
25,98.9589,91.0304,99.653,94.5008,75.5473,40.4431,92.8724,67.4586
26,96.6688,83.8014,99.8694,99.0202,97.1261,85.6956,95.3625,80.9275
27,99.8638,99.3188,99.455,97.6158,93.8011,80.109,95.7084,86.5804
28,99.912,99.5602,99.8241,99.4723,86.8953,64.3799,97.0976,87.423
29,99.5012,98.1712,99.5012,98.0881,79.7174,38.9859,97.0075,85.9518
30,99.9292,99.5046,99.9292,99.6461,84.7841,53.0786,96.8153,83.1564
31,99.5527,96.1022,99.6166,97.1885,70.0319,29.7764,96.23,83.4505
32,99.7193,97.7544,99.5789,97.9649,98.5263,87.8596,96.9123,85.5439
33,98.9283,86.15,99.8351,99.1756,97.7741,87.8813,96.8673,85.2432
34,100.0,99.1826,100.0,99.5232,86.4441,60.2861,94.6185,80.109
35,99.9105,99.4628,99.7314,98.8362,91.5846,69.1137,94.1808,77.5291
36,100.0,99.4213,99.7685,98.9005,98.206,85.8796,94.9653,82.1759
37,100.0,99.596,99.9327,98.6532,95.2189,79.8653,95.2189,81.5488
38,100.0,99.8972,99.7945,99.3834,98.3556,88.3864,98.0473,85.5087
39,99.6244,99.2488,99.6244,98.6854,91.7371,67.8873,98.6854,90.6103
40,99.7996,97.0942,100.0,99.2986,89.7796,70.7415,96.7936,83.1663
41,99.364,93.8654,99.3845,93.9475,6.5244,0.8822,92.3677,75.0923
42,100.0,99.8875,99.775,98.8751,67.829,33.1834,94.2632,80.5399
43,100.0,100.0,99.906,99.2481,89.0038,68.703,92.8571,78.2895
44,100.0,100.0,99.8997,99.5988,98.1946,88.3651,97.1916,86.7603
45,99.904,99.2322,99.8081,99.0403,98.7524,86.0845,93.9539,84.453
46,100.0,99.497,99.497,98.4909,99.2958,90.3421,96.4789,84.8089
47,99.7669,98.3683,99.8446,99.3784,83.7607,55.4002,94.4833,80.7304
48,100.0,92.5327,100.0,99.6921,63.9723,22.7868,96.5358,86.6821
49,100.0,99.9038,99.615,99.1338,93.744,82.5794,96.1501,86.718
50,100.0,99.5331,99.6265,99.0663,94.3978,81.3259,96.3585,84.9673
51,99.6024,99.3042,99.503,99.2048,89.662,67.6938,92.8429,76.4414
52,98.7317,97.1707,99.3171,97.9512,87.6098,63.6098,95.122,84.1951
53,99.8584,97.2144,99.8584,97.2144,95.4674,84.0888,96.034,84.5137
54,99.3228,86.0798,99.8495,99.398,84.1986,52.0692,95.8616,84.1234
55,100.0,99.2556,99.9173,99.0902,88.9992,61.2076,93.4657,73.9454
56,99.7332,98.4656,99.5997,98.4656,88.6591,63.8426,97.1981,85.6571
57,99.2058,96.1011,99.5668,98.0505,81.5162,49.6751,96.2455,83.7545
58,99.6393,98.3769,99.3688,98.1064,90.9829,67.899,97.0243,83.7692
59,99.7479,98.3193,99.8319,99.2437,79.4118,43.8655,96.0504,81.2605
60,100.0,99.5249,99.6041,98.0206,87.5693,60.966,95.1702,79.3349
61,98.139,83.2506,99.8759,97.4566,83.871,52.9777,96.5881,83.871
62,98.5589,88.4085,98.2456,93.609,95.614,79.5739,92.6692,75.6266
63,100.0,99.9271,99.7082,99.2706,73.3771,36.178,97.4471,87.3085
64,99.909,99.636,100.0,99.818,74.9773,40.4914,96.0874,86.0783
65,100.0,97.4444,100.0,99.4444,72.8889,33.5556,98.2222,88.6667
66,99.545,95.2684,99.909,98.2712,93.8126,76.2511,96.3603,84.7134
67,99.8539,94.0833,100.0,99.8539,79.6202,44.9233,97.6625,87.6552
68,99.4131,98.9437,99.4131,98.8263,90.0235,68.662,97.4178,87.5587
69,99.9023,99.6094,99.707,99.5117,94.2383,82.6172,94.3359,83.0078
70,100.0,99.9123,99.9123,99.7368,74.1228,32.2807,98.2456,88.9474
71,99.9172,99.1722,99.9172,99.5033,77.5662,49.3377,94.8675,83.7748
72,99.8496,96.015,100.0,99.6241,76.0902,35.2632,97.0677,86.0902
73,100.0,99.5247,99.9049,99.2395,31.4639,7.1293,93.251,73.8593
74,100.0,99.1761,100.0,99.3821,48.0947,11.5345,98.2492,87.3326
75,99.7164,96.7669,98.9223,95.9161,76.4039,41.747,91.7187,76.5173
76,98.6335,87.412,97.6812,90.1863,83.3954,52.2153,92.0497,70.9317
77,99.9126,99.4755,99.6503,98.6014,99.0385,82.1678,94.0559,81.9056
78,99.8221,98.9324,99.8221,98.9324,97.7758,87.1886,96.6192,85.1423
79,99.7118,97.3343,99.7839,99.3516,95.6052,82.4928,97.3343,89.3372
80,99.8279,99.3115,99.9139,99.3115,97.4182,88.296,98.0207,90.1033
81,100.0,99.3566,99.8162,97.0588,98.2537,87.2243,96.9669,85.8456
82,100.0,98.9583,99.1071,97.3958,84.6726,58.0357,96.3542,84.8958
83,100.0,98.6667,99.6667,98.3333,84.3333,54.25,97.3333,88.1667
84,93.0417,76.4082,99.8675,98.4758,66.2691,25.116,95.7588,84.493
85,100.0,99.5294,99.8431,98.2745,98.7451,90.3529,94.0392,79.451
86,99.531,95.2158,99.9062,99.2495,91.5572,74.015,95.8724,82.6454
87,99.348,91.524,100.0,99.674,81.0106,50.8557,94.947,86.5526
88,99.9209,99.5253,99.7627,98.9715,78.481,41.0601,96.0443,83.4652
89,100.0,98.9362,100.0,98.9362,92.1543,75.9309,97.7394,88.0319
90,100.0,99.6117,99.8058,99.1262,98.4466,88.0583,96.2136,84.1748
91,100.0,98.6348,99.3174,97.3834,99.2036,86.917,94.9943,85.7793
92,100.0,100.0,99.8047,99.8047,94.5312,87.1094,94.1406,85.5469
93,99.8783,99.7567,99.635,98.9051,85.0365,58.5158,94.0389,82.2384
94,91.1874,73.8404,99.9072,98.7013,90.0742,61.2245,96.6605,86.4564
95,97.8231,78.7755,99.3197,97.2789,87.7551,62.1769,96.4626,84.898
96,99.2228,98.1865,99.2228,98.9637,89.8964,67.8756,98.1865,88.0829
97,100.0,99.2157,99.2157,95.2941,99.085,75.1634,93.9869,84.7059
98,100.0,99.612,99.418,98.8361,87.3909,61.7847,93.5015,80.1164
99,100.0,96.2598,99.8031,97.6378,99.6063,91.9291,98.8189,89.9606
100,99.7171,98.4441,99.8586,98.8685,77.9349,45.2617,95.4738,85.4314
101,100.0,99.1935,99.7984,99.7984,88.3065,68.1452,95.3629,83.6694
102,98.8754,96.0208,99.5675,97.7509,93.5986,77.2491,93.5121,77.1626
103,99.4012,98.3533,99.4012,98.0539,95.509,83.6826,95.8084,84.4311
104,99.8901,99.6703,99.7802,99.5604,83.956,51.978,96.044,83.2967
105,99.8152,99.4455,99.7227,99.1682,92.5139,80.4991,94.5471,84.3808
106,99.8715,99.7429,99.8715,99.6144,77.2494,46.7866,91.0026,76.0925
107,100.0,99.8347,100.0,99.8347,80.6612,46.281,95.0413,82.1488
108,99.8435,99.5305,99.8435,99.061,99.5305,86.8545,94.5227,81.6901
109,100.0,99.8217,99.4652,98.9305,96.7914,89.3048,94.8307,86.0963
110,99.8729,99.7459,99.8729,99.3647,95.4257,87.0394,94.7903,85.6417
111,100.0,99.8316,99.8316,98.1481,98.4848,89.0572,94.2761,77.6094
112,99.8172,99.7258,99.7258,98.9031,92.2303,75.777,96.3437,86.8373
113,100.0,100.0,100.0,99.7528,96.0445,88.8752,94.4376,86.2794
114,100.0,99.6475,99.8825,99.1774,83.0787,57.6968,96.2397,86.9565
115,100.0,99.8569,100.0,99.8569,87.8398,69.3848,93.9914,83.691
116,100.0,100.0,99.7955,99.3865,94.8875,82.8221,95.2965,84.0491
117,99.115,96.1062,98.5841,95.0442,96.4602,84.9558,94.5133,81.9469
118,99.3827,97.3251,97.9424,92.3868,97.5309,89.0947,95.8848,81.4815
119,99.6904,98.0392,99.6904,97.2136,96.2848,84.3137,97.5232,89.8865
120,99.7514,98.5915,99.8343,99.0886,84.9213,55.5095,96.0232,88.8981
121,100.0,99.8523,99.7046,98.5229,82.4225,49.9261,96.0118,85.5244
122,100.0,99.839,99.839,98.8728,94.686,86.1514,95.4911,88.4058
123,100.0,99.6805,100.0,99.6805,94.9947,86.1555,89.7764,78.9137
124,93.4363,77.3166,99.3243,97.3938,95.3668,86.583,95.1737,85.9073
125,99.7856,99.6785,99.6785,99.4641,90.2465,69.3462,93.0332,80.6002
126,100.0,98.5037,99.7506,98.5037,91.3965,67.4564,97.2569,86.6584
127,99.6317,98.7109,98.7109,96.8692,90.0552,73.849,95.3959,86.1878
128,99.718,98.8722,99.5301,98.3083,95.8647,85.4323,92.2932,78.7594
129,100.0,98.9474,99.8246,97.8947,98.9474,89.8246,94.9123,85.0877
130,100.0,99.7783,100.0,99.3348,83.4812,58.0931,94.7894,82.7051
131,100.0,100.0,99.2701,99.0268,99.7567,76.6423,93.4307,81.5085
132,78.2291,52.234,99.7563,97.8067,89.9269,65.4752,95.3696,84.2405
133,100.0,100.0,99.4595,96.7568,86.4865,56.7568,97.8378,87.8378
134,100.0,100.0,100.0,99.5455,92.3864,74.8864,96.9318,86.3636
135,100.0,99.2117,100.0,99.2117,85.6982,57.4324,96.0586,86.5991
136,99.827,98.4429,99.481,98.0969,89.7924,66.955,94.8097,79.2388
137,99.5984,96.988,97.5904,95.9839,99.1968,80.9237,95.5823,82.7309
138,99.7845,99.7845,99.3534,98.7069,91.5948,73.7069,93.5345,82.7586
139,100.0,98.6607,99.7024,98.2887,96.875,83.2589,95.6845,81.9196
140,99.8577,98.79,99.6441,98.0783,66.6192,25.2669,97.2242,83.8434
141,99.8538,99.7076,99.7076,99.5614,98.8304,82.8947,88.8889,73.2456
142,100.0,99.6855,99.3711,99.3711,88.2075,68.8679,91.8239,78.4591
143,99.712,99.1361,99.712,98.9921,70.6983,27.3578,96.1843,85.3852
144,99.8358,98.8506,99.5074,97.8654,87.0279,62.3974,94.4171,82.9228
145,99.1828,96.0163,98.6721,94.9949,96.2206,89.4791,94.382,86.7211
146,97.8632,80.6838,100.0,99.7436,64.2735,22.906,97.3504,87.6068
147,99.3498,97.6593,99.6099,98.0494,70.7412,32.3797,96.4889,82.3147
148,99.2999,95.916,99.8833,99.0665,95.3326,84.7141,94.7491,83.3139
149,100.0,99.7033,99.9011,99.4065,98.912,88.4273,96.3403,84.4708
150,99.3694,98.018,99.3694,98.1081,84.1441,47.9279,96.2162,87.3874
151,99.6875,95.7292,99.6875,97.3958,86.4583,67.0833,91.3542,79.4792
152,100.0,100.0,99.8654,99.3271,80.2153,52.7591,95.8277,84.253
153,97.9212,79.3217,99.5624,99.1247,92.6696,79.4311,95.733,85.1204
154,99.8962,99.3769,99.7923,98.027,88.9927,74.974,88.785,74.7664
155,99.9199,99.0385,99.5192,97.6763,81.1699,54.5673,94.9519,83.0128
156,99.9114,98.8485,99.4686,97.0771,99.4686,86.271,94.1541,79.008
157,100.0,98.4615,99.4231,97.6923,71.9231,36.7308,93.8462,77.8846
158,99.241,98.6717,99.241,98.6717,98.8615,90.8918,95.8254,84.8197
159,97.9873,96.7161,96.7161,92.5847,95.339,89.5127,94.3856,88.2415
160,99.9175,98.4323,99.1749,96.8647,83.6634,58.2508,94.5545,82.3432
161,100.0,99.837,100.0,99.4295,80.8476,47.1068,96.8215,86.4711
162,100.0,99.9018,100.0,99.7053,93.6149,79.9607,94.0079,81.5324
163,100.0,99.6226,99.434,96.9811,95.6604,85.0943,95.6604,83.9623
164,99.7653,99.061,99.7653,97.8873,98.8263,89.2019,92.2535,78.8732
165,100.0,100.0,99.5037,98.7593,97.5186,87.0968,94.5409,83.1266
166,100.0,100.0,99.7951,98.7705,70.082,30.5328,96.5164,85.4508
167,99.8106,98.6742,99.6212,98.2955,99.4318,90.5303,98.8636,89.2045
168,100.0,99.8014,100.0,99.8014,96.3257,86.4945,95.7299,85.3029
169,99.9145,98.7169,98.8024,97.2626,99.2301,87.4251,93.2421,79.7263
170,95.4598,77.0664,99.3015,97.9045,60.5355,20.1397,95.227,86.7288
171,99.5434,99.0868,99.4292,98.516,85.9589,58.6758,95.5479,82.9909
172,99.7984,97.379,99.5968,96.371,98.9919,90.7258,98.3871,86.4919
173,99.7792,99.117,99.3377,98.1236,85.5408,61.1479,95.3642,83.8852
174,99.7361,96.3061,99.3404,95.9103,49.0765,12.7968,95.7784,84.4327
175,99.6622,98.4797,99.8311,99.3243,95.6081,88.0068,89.8649,77.1959
