sample,ref_max_2pct,ref_max_1pct,ref_p99.9_2pct,ref_p99.9_1pct,base_max_2pct,base_max_1pct,base_p99.9_2pct,base_p99.9_1pct
1,100.0,99.2063,100.0,99.7732,83.5601,57.2562,97.8458,87.7551
2,99.6099,94.7984,99.87,98.4395,96.0338,87.1261,94.7334,85.5657
3,100.0,99.4555,100.0,99.8185,76.588,40.6534,97.3684,86.9328
4,100.0,98.7616,99.6904,97.7554,96.3622,84.5201,93.6533,78.9474
5,100.0,99.3207,100.0,99.4565,97.2826,86.413,97.2826,86.413
6,99.7258,96.6179,99.9086,99.2687,88.2084,63.9854,97.8062,84.1865
7,99.9294,99.435,99.5056,97.5282,97.8814,89.3362,95.904,85.2401
8,99.8851,98.8506,99.8851,98.7356,79.1954,36.2069,98.5057,90.1149
9,98.8243,91.3782,99.6081,98.0405,97.8445,89.288,94.4481,83.9321
10,100.0,99.2963,99.6091,98.3581,93.6669,83.3464,92.7287,80.6099
11,99.5626,99.2126,99.65,99.3001,95.2756,81.6273,94.2257,79.5276
12,99.636,98.8171,99.545,98.5441,66.97,28.4804,92.7207,75.0682
13,88.1921,75.8506,99.8666,99.5997,94.463,81.7879,96.1308,83.9893
14,95.9751,88.9865,99.2682,97.8046,28.2108,4.5737,97.0362,86.4984
15,99.9354,99.5481,99.8709,99.3544,81.6656,51.6462,97.224,85.2808
16,99.0574,90.7455,99.1431,98.8003,78.7489,49.2716,97.7721,82.5193
17,99.697,98.4848,99.6212,98.1818,96.8182,84.1667,97.2727,85.6061
18,99.9104,99.552,99.7312,97.8495,95.4301,85.7527,94.3548,84.2294
19,100.0,99.1243,99.9124,98.7741,96.9352,88.1786,94.8336,82.7496
20,98.2721,93.0166,98.8481,97.9122,91.7207,74.802,96.6883,88.2649
21,100.0,99.897,100.0,99.794,68.6921,32.0288,95.7775,86.8177
22,97.608,94.7508,97.3422,93.6877,94.3522,78.4053,96.0133,84.1196
23,98.2328,95.9171,97.989,95.6124,86.7154,61.2431,96.9531,85.6795
24,100.0,100.0,99.9169,99.6678,88.5382,67.608,95.1827,83.1395
25,96.1025,79.7384,99.7597,95.4618,75.5473,40.4431,92.8724,67.4586
26,99.7387,97.9752,99.8694,98.9549,97.1261,85.6956,95.3625,80.9275
27,99.7956,99.2507,99.3869,98.0245,93.8011,80.109,95.7084,86.5804
28,99.7361,95.6025,100.0,99.5602,86.8953,64.3799,97.0976,87.423
29,99.5844,98.67,99.5844,99.1687,79.7174,38.9859,97.0075,85.9518
30,99.9292,99.4338,99.9292,99.6461,84.7841,53.0786,96.8153,83.1564
31,99.8083,99.1054,99.6166,98.5942,70.0319,29.7764,96.23,83.4505
32,99.7895,97.8246,99.7193,97.8246,98.5263,87.8596,96.9123,85.5439
33,99.5054,93.1575,99.7527,99.3405,97.7741,87.8813,96.8673,85.2432
34,98.1608,83.3106,100.0,99.5913,86.4441,60.2861,94.6185,80.109
35,99.8209,99.5524,99.7314,99.1047,91.5846,69.1137,94.1808,77.5291
36,99.8264,98.3796,99.9421,99.4213,98.206,85.8796,94.9653,82.1759
37,99.8653,99.5286,99.7306,99.1919,95.2189,79.8653,95.2189,81.5488
38,100.0,100.0,99.7945,99.4861,98.3556,88.3864,98.0473,85.5087
39,99.6244,98.0282,99.6244,99.061,91.7371,67.8873,98.6854,90.6103
40,99.6994,95.2906,100.0,99.0982,89.7796,70.7415,96.7936,83.1663
41,99.2614,94.0706,99.3845,94.5014,6.5244,0.8822,92.3677,75.0923
42,100.0,99.775,99.6625,98.7627,67.829,33.1834,94.2632,80.5399
43,100.0,99.906,99.718,98.8722,89.0038,68.703,92.8571,78.2895
44,100.0,100.0,99.7994,99.5988,98.1946,88.3651,97.1916,86.7603
45,99.904,99.6161,99.8081,99.4242,98.7524,86.0845,93.9539,84.453
46,100.0,99.6982,99.5976,98.5915,99.2958,90.3421,96.4789,84.8089
47,99.7669,97.9798,99.8446,99.223,83.7607,55.4002,94.4833,80.7304
48,99.846,94.9962,100.0,99.846,63.9723,22.7868,96.5358,86.6821
49,100.0,99.9038,99.7113,99.4225,93.744,82.5794,96.1501,86.718
50,100.0,99.6265,99.6265,98.7862,94.3978,81.3259,96.3585,84.9673
51,99.4036,98.4095,99.8012,99.3042,89.662,67.6938,92.8429,76.4414
52,98.5366,97.4634,99.7073,97.9512,87.6098,63.6098,95.122,84.1951
53,99.8111,97.9226,99.6695,96.7894,95.4674,84.0888,96.034,84.5137
54,99.8495,95.5606,100.0,99.699,84.1986,52.0692,95.8616,84.1234
55,100.0,98.9247,99.8346,98.3457,88.9992,61.2076,93.4657,73.9454
56,99.7332,98.9326,99.4663,98.6658,88.6591,63.8426,97.1981,85.6571
57,99.639,98.0505,99.7112,98.3394,81.5162,49.6751,96.2455,83.7545
58,99.0983,98.2867,99.0081,97.8359,90.9829,67.899,97.0243,83.7692
59,99.8319,98.4874,99.8319,99.0756,79.4118,43.8655,96.0504,81.2605
60,100.0,100.0,99.7625,98.2581,87.5693,60.966,95.1702,79.3349
61,99.8759,91.6873,100.0,98.3871,83.871,52.9777,96.5881,83.871
62,98.8722,94.7995,97.995,92.6065,95.614,79.5739,92.6692,75.6266
63,99.8541,99.7812,99.7082,99.1977,73.3771,36.178,97.4471,87.3085
64,99.818,99.727,99.818,99.727,74.9773,40.4914,96.0874,86.0783
65,100.0,95.5556,100.0,99.7778,72.8889,33.5556,98.2222,88.6667
66,99.545,94.5405,100.0,99.0901,93.8126,76.2511,96.3603,84.7134
67,99.7809,98.466,100.0,99.7078,79.6202,44.9233,97.6625,87.6552
68,99.2958,96.4789,99.5305,99.1784,90.0235,68.662,97.4178,87.5587
69,99.8047,99.6094,99.8047,99.6094,94.2383,82.6172,94.3359,83.0078
70,100.0,99.8246,99.9123,99.8246,74.1228,32.2807,98.2456,88.9474
71,100.0,99.7517,99.9172,99.255,77.5662,49.3377,94.8675,83.7748
72,99.8496,94.1353,100.0,99.6992,76.0902,35.2632,97.0677,86.0902
73,100.0,99.1445,100.0,99.6198,31.4639,7.1293,93.251,73.8593
74,100.0,97.6313,100.0,99.3821,48.0947,11.5345,98.2492,87.3326
75,99.4895,97.3908,99.2059,96.6534,76.4039,41.747,91.7187,76.5173
76,98.5507,91.5942,97.8468,89.3996,83.3954,52.2153,92.0497,70.9317
77,100.0,99.6503,99.8252,99.2133,99.0385,82.1678,94.0559,81.9056
78,99.7331,98.3986,99.8221,98.8434,97.7758,87.1886,96.6192,85.1423
79,99.8559,99.4957,99.8559,99.5677,95.6052,82.4928,97.3343,89.3372
80,99.8279,99.6558,99.8279,99.4836,97.4182,88.296,98.0207,90.1033
81,100.0,99.5404,99.8162,97.7022,98.2537,87.2243,96.9669,85.8456
82,99.8512,99.1071,99.4048,98.2887,84.6726,58.0357,96.3542,84.8958
83,99.9167,98.6667,99.6667,98.4167,84.3333,54.25,97.3333,88.1667
84,90.8549,74.0888,99.8012,98.8734,66.2691,25.116,95.7588,84.493
85,100.0,99.451,99.7647,98.5098,98.7451,90.3529,94.0392,79.451
86,99.7186,95.7786,100.0,99.8124,91.5572,74.015,95.8724,82.6454
87,99.022,88.5901,100.0,99.7555,81.0106,50.8557,94.947,86.5526
88,99.9209,99.4462,99.9209,99.3671,78.481,41.0601,96.0443,83.4652
89,99.867,98.9362,100.0,99.3351,92.1543,75.9309,97.7394,88.0319
90,99.9029,99.5146,99.9029,99.5146,98.4466,88.0583,96.2136,84.1748
91,100.0,98.7486,99.0899,97.7247,99.2036,86.917,94.9943,85.7793
92,100.0,100.0,100.0,100.0,94.5312,87.1094,94.1406,85.5469
93,99.8783,99.5134,99.7567,99.2701,85.0365,58.5158,94.0389,82.2384
94,94.5269,77.18,99.9072,98.9796,90.0742,61.2245,96.6605,86.4564
95,98.7755,90.6122,99.4558,97.551,87.7551,62.1769,96.4626,84.898
96,99.7409,99.2228,99.4819,98.9637,89.8964,67.8756,98.1865,88.0829
97,100.0,99.085,99.4771,96.3399,99.085,75.1634,93.9869,84.7059
98,99.903,99.709,99.418,98.7391,87.3909,61.7847,93.5015,80.1164
99,99.8031,97.8346,99.6063,97.2441,99.6063,91.9291,98.8189,89.9606
100,99.7171,98.727,99.7171,99.1513,77.9349,45.2617,95.4738,85.4314
101,100.0,99.5968,99.7984,98.9919,88.3065,68.1452,95.3629,83.6694
102,98.7889,84.2561,99.827,97.5779,93.5986,77.2491,93.5121,77.1626
103,98.3533,82.0359,99.2515,98.503,95.509,83.6826,95.8084,84.4311
104,99.8901,99.7802,99.8901,99.6703,83.956,51.978,96.044,83.2967
105,99.8152,99.6303,99.7227,99.1682,92.5139,80.4991,94.5471,84.3808
106,99.8715,99.8715,99.8715,99.4859,77.2494,46.7866,91.0026,76.0925
107,100.0,100.0,100.0,100.0,80.6612,46.281,95.0413,82.1488
108,100.0,99.687,99.687,99.374,99.5305,86.8545,94.5227,81.6901
109,100.0,99.4652,99.6435,98.7522,96.7914,89.3048,94.8307,86.0963
110,99.8729,99.3647,100.0,99.7459,95.4257,87.0394,94.7903,85.6417
111,100.0,99.8316,100.0,99.1582,98.4848,89.0572,94.2761,77.6094
112,99.8172,99.8172,99.8172,99.0859,92.2303,75.777,96.3437,86.8373
113,100.0,100.0,99.8764,99.6292,96.0445,88.8752,94.4376,86.2794
114,100.0,99.765,99.765,99.4125,83.0787,57.6968,96.2397,86.9565
115,100.0,100.0,100.0,99.5708,87.8398,69.3848,93.9914,83.691
116,100.0,99.7955,100.0,99.7955,94.8875,82.8221,95.2965,84.0491
117,98.7611,96.1062,98.2301,95.5752,96.4602,84.9558,94.5133,81.9469
118,99.3827,97.5309,98.3539,95.4733,97.5309,89.0947,95.8848,81.4815
119,99.484,97.8328,99.484,97.6264,96.2848,84.3137,97.5232,89.8865
120,99.8343,98.7572,99.8343,98.7572,84.9213,55.5095,96.0232,88.8981
121,100.0,99.8523,99.8523,98.966,82.4225,49.9261,96.0118,85.5244
122,100.0,100.0,99.839,99.1948,94.686,86.1514,95.4911,88.4058
123,100.0,99.6805,100.0,99.787,94.9947,86.1555,89.7764,78.9137
124,87.4517,71.8147,99.3243,97.6834,95.3668,86.583,95.1737,85.9073
125,99.8928,99.7856,99.5713,98.9282,90.2465,69.3462,93.0332,80.6002
126,99.8753,98.5037,99.7506,97.8803,91.3965,67.4564,97.2569,86.6584
127,99.8158,98.1584,98.7109,96.8692,90.0552,73.849,95.3959,86.1878
128,99.812,99.0602,99.6241,98.7782,95.8647,85.4323,92.2932,78.7594
129,100.0,98.5965,99.8246,98.5965,98.9474,89.8246,94.9123,85.0877
130,99.8891,99.3348,100.0,99.5565,83.4812,58.0931,94.7894,82.7051
131,100.0,100.0,99.5134,99.5134,99.7567,76.6423,93.4307,81.5085
132,79.8538,58.0016,99.7563,98.7002,89.9269,65.4752,95.3696,84.2405
133,99.7297,99.4595,99.4595,98.6486,86.4865,56.7568,97.8378,87.8378
134,100.0,99.6591,100.0,99.6591,92.3864,74.8864,96.9318,86.3636
135,100.0,98.9865,100.0,98.9865,85.6982,57.4324,96.0586,86.5991
136,100.0,98.9619,99.481,97.7509,89.7924,66.955,94.8097,79.2388
137,100.0,98.7952,97.992,95.5823,99.1968,80.9237,95.5823,82.7309
138,100.0,100.0,99.569,98.4914,91.5948,73.7069,93.5345,82.7586
139,100.0,99.3304,99.7768,99.0327,96.875,83.2589,95.6845,81.9196
140,99.5018,94.1637,99.6441,98.0071,66.6192,25.2669,97.2242,83.8434
141,99.8538,99.7076,99.7076,98.9766,98.8304,82.8947,88.8889,73.2456
142,100.0,99.8428,99.3711,99.3711,88.2075,68.8679,91.8239,78.4591
143,99.64,97.7682,99.64,99.1361,70.6983,27.3578,96.1843,85.3852
144,99.8358,98.1938,99.8358,98.358,87.0279,62.3974,94.4171,82.9228
145,99.4893,97.4464,98.4678,95.097,96.2206,89.4791,94.382,86.7211
146,98.4615,83.8462,99.9145,99.6581,64.2735,22.906,97.3504,87.6068
147,99.2198,97.9194,99.4798,98.0494,70.7412,32.3797,96.4889,82.3147
148,99.7666,98.3664,99.7666,98.133,95.3326,84.7141,94.7491,83.3139
149,99.9011,99.7033,99.8022,99.4065,98.912,88.4273,96.3403,84.4708
150,99.6396,98.1982,99.6396,98.1982,84.1441,47.9279,96.2162,87.3874
151,100.0,98.6458,99.7917,97.3958,86.4583,67.0833,91.3542,79.4792
152,100.0,100.0,99.8654,99.3271,80.2153,52.7591,95.8277,84.253
153,99.1247,83.3698,99.5624,99.1247,92.6696,79.4311,95.733,85.1204
154,99.8962,99.3769,99.5846,97.9232,88.9927,74.974,88.785,74.7664
155,99.8397,98.6378,99.6795,98.0769,81.1699,54.5673,94.9519,83.0128
156,99.8229,98.0514,99.2028,95.9256,99.4686,86.271,94.1541,79.008
157,99.8077,98.4615,99.4231,97.6923,71.9231,36.7308,93.8462,77.8846
158,99.8102,99.0512,99.241,97.9127,98.8615,90.8918,95.8254,84.8197
159,97.8814,96.6102,96.3983,92.5847,95.339,89.5127,94.3856,88.2415
160,100.0,99.0099,99.3399,97.3597,83.6634,58.2508,94.5545,82.3432
161,100.0,99.9185,99.9185,99.348,80.8476,47.1068,96.8215,86.4711
162,100.0,100.0,100.0,99.7053,93.6149,79.9607,94.0079,81.5324
163,100.0,99.2453,100.0,97.7358,95.6604,85.0943,95.6604,83.9623
164,99.7653,99.2958,99.5305,98.3568,98.8263,89.2019,92.2535,78.8732
165,100.0,100.0,99.5037,99.0074,97.5186,87.0968,94.5409,83.1266
166,100.0,99.7951,99.5902,99.1803,70.082,30.5328,96.5164,85.4508
167,100.0,99.8106,99.8106,99.4318,99.4318,90.5303,98.8636,89.2045
168,100.0,99.4042,100.0,99.8014,96.3257,86.4945,95.7299,85.3029
169,99.5723,98.5458,99.1446,97.6048,99.2301,87.4251,93.2421,79.7263
170,97.2061,84.5169,99.1851,96.9732,60.5355,20.1397,95.227,86.7288
171,99.5434,98.7443,99.6575,98.9726,85.9589,58.6758,95.5479,82.9909
172,100.0,98.7903,99.7984,97.5806,98.9919,90.7258,98.3871,86.4919
173,100.0,99.2274,99.8896,98.6755,85.5408,61.1479,95.3642,83.8852
174,99.7361,96.0422,99.4723,95.5145,49.0765,12.7968,95.7784,84.4327
175,100.0,99.4932,100.0,99.4932,95.6081,88.0068,89.8649,77.1959
